{
  "title": 4.858776,
  "trace": 5.250612,
  "canvas3d": 6.4,
  "edit": 6.817959,
  "ai": 4.858776,
  "photo": 5.433469,
  "audience": 7.131429,
  "outro": 5.564082
}
