{
  "title": 5.250612,
  "problem": 5.276735,
  "trace": 9.978776,
  "canvas3d": 9.325714,
  "edit": 10.893061,
  "ai": 9.639184,
  "photo": 8.907755,
  "audience": 13.139592,
  "privacy": 6.817959,
  "outro": 9.613061
}
