{
  "title": 4.686621,
  "problem": 6.482494,
  "trace": 10.431973,
  "canvas3d": 8.888254,
  "edit": 13.268254,
  "ai": 10.462222,
  "photo": 9.440363,
  "privacy": 8.448707,
  "outro": 5.18585
}
