{
  "title": 4.832653,
  "trace": 5.511837,
  "canvas3d": 6.713469,
  "edit": 6.713469,
  "ai": 5.146122,
  "photo": 5.276735,
  "audience": 7.549388,
  "outro": 7.105306
}
